-- insert to job_role
INSERT INTO humanresource.job_role(joro_name, joro_modified_date) VALUES 
('Direktur Utama', NOW()),
('Direktur Keuangan', NOW()),
('Direktur Personalia', NOW()),
('Direktur Teknik', NOW()),
('Direktur Operasional', NOW()),
('Manajer Keuangan', NOW()),
('Manajer Personalia', NOW()),
('Manajer Operasional', NOW()),
('Manajer Teknik', NOW()),
('Administrasi dan Gudang', NOW()),
('Staff', NOW());

-- insert data employee
INSERT INTO humanresource.employee(emp_national_id, emp_birth_date, emp_marital_status, emp_gender, 
								   emp_hire_date, emp_salaried_flag, emp_vacation_hours, emp_sickleave_hours, 
								   emp_current_flag, emp_photo, emp_modified_date, emp_emp_id, emp_joro_id) VALUES 
('3525015201880002', '1995-12-12', 'M', 'M', '2020-01-01', 0, 1, 1, 1, 'default.png', NOW(), null, 1),
('3525010510930001', '1995-02-22', 'M', 'M', '2021-06-11', 0, 1, 1, 1, 'default.png', NOW(), 1, 1),
('3525016005650004', '1991-05-23', 'S', 'F', '2020-06-17', 0, 1, 1, 1, 'default.png', NOW(), 2, 2),
('3525015306780002', '1996-01-25', 'M', 'M', '2021-05-18', 0, 1, 1, 1, 'default.png', NOW(), 3, 5),
('3525016501830002', '1994-03-15', 'M', 'F', '2020-01-16', 0, 1, 1, 1, 'default.png', NOW(), 4, 6),
('3525011506830001', '1995-08-18', 'S', 'M', '2022-07-20', 0, 1, 1, 1, 'default.png', NOW(), 5, 2),
('3525017006650078', '1996-08-19', 'S', 'M', '2021-09-22', 0, 1, 1, 1, 'default.png', NOW(), 6, 5),
('3525017006620060', '1992-06-11', 'M', 'M', '2021-12-25', 0, 1, 1, 1, 'default.png', NOW(), 7, 8),
('3525017006950028', '1998-05-15', 'S', 'M', '2020-11-24', 0, 1, 1, 1, 'default.png', NOW(), 8, 9),
('3525013006580042', '1994-04-08', 'M', 'M', '2020-06-24', 0, 1, 1, 1, 'default.png', NOW(), 9, 10),
('3525013006580043', '1997-03-06', 'S', 'F', '2021-05-19', 0, 1, 1, 1, 'default.png', NOW(), 10, 11),
('3525015212920003', '1995-05-16', 'M', 'M', '2020-02-11', 0, 1, 1, 1, 'default.png', NOW(), 11, 5),
('3525010609510002', '1996-07-15', 'S', 'F', '2022-04-15', 0, 1, 1, 1, 'default.png', NOW(), 12, 11),
('3525017006750042', '1991-08-25', 'S', 'M', '2020-03-11', 0, 1, 1, 1, 'default.png', NOW(), 13, 11),
('3525017006540043', '1990-05-22', 'M', 'M', '2021-06-22', 0, 1, 1, 1, 'default.png', NOW(), 14, 10),
('3525010505720003', '1995-04-02', 'S', 'F', '2021-08-16', 0, 1, 1, 1, 'default.png', NOW(), 15, 10),
('3525013006640036', '1993-05-08', 'M', 'M', '2020-11-02', 0, 1, 1, 1, 'default.png', NOW(), 16, 10),
('3525016401830001', '1996-06-06', 'S', 'F', '2022-12-18', 0, 1, 1, 1, 'default.png', NOW(), 17, 9),
('3525015306880002', '1997-08-01', 'M', 'M', '2020-05-11', 0, 1, 1, 1, 'default.png', NOW(), 18, 6),
('3525013006740032', '1990-07-08', 'S', 'F', '2021-06-12', 0, 1, 1, 1, 'default.png', NOW(), 19, 9);

-- insert to shift
INSERT INTO humanresource.shift(shift_name, shift_start_time, shift_end_time) VALUES
('Early Morning', '2020-05-06 05:00:00', '2020-05-06  10:00:00'),
('Morning', '2020-05-06 08:00:00', '2020-05-06 13:00:00'),
('Afternoon', '2020-05-06 12:00:00', '2020-05-06 17:00:00'),
('Evening', '2020-05-06 16:00:00', '2020-05-06 21:00:00'),
('Night', '2020-05-06 20:00:00', '2020-05-06 01:00:00'),
('Graveyard', '2020-05-06 22:00:00', '2020-05-06 07:00:00'),
('Weekend Early Morning', '2020-05-06 06:00:00', '2020-05-06 11:00:00'),
('Weekend Morning', '2020-05-06 09:00:00', '2020-05-06 14:00:00'),
('Weekend Afternoon', '2020-05-06 13:00:00', '2020-05-06 18:00:00'),
('Weekend Evening', '2020-05-06 17:00:00', '2020-05-06 22:00:00'),
('Weekend Night', '2020-05-06 21:00:00', '2020-05-06 02:00:00'),
('Weekend Graveyard', '2020-05-06 23:00:00', '2020-05-06 08:00:00'),
('Holiday Early Morning', '2020-05-06 07:00:00', '2020-05-06 12:00:00'),
('Holiday Morning', '2020-05-06 10:00:00', '2020-05-06 15:00:00'),
('Holiday Afternoon', '2020-05-06 14:00:00', '2020-05-06 19:00:00'),
('Holiday Evening', '2020-05-06 18:00:00', '2020-05-06 23:00:00'),
('Holiday Night', '2020-05-07 22:00:00', '2020-05-06 03:00:00'),
('Holiday Graveyard', '2020-05-07 00:00:00', '2020-05-07 05:00:00'),
('Special Event', '2020-05-08 00:00:00', '2020-05-09 00:00:00');

-- insert to department
INSERT INTO humanresource.department(dept_name, dept_modified_date) VALUES
('Human Resources', '2020-01-01'),
('Accounting', '2020-01-02'),
('Marketing', '2020-01-03'),
('Sales', '2020-01-04'),
('Customer Service', '2020-01-05'),
('IT', '2020-01-06'),
('Engineering', '2020-01-07'),
('Operations', '2020-01-08'),
('Legal', '2020-01-09'),
('Research and Development', '2020-01-10'),
('Product Management', '2020-01-11'),
('Finance', '2020-01-12'),
('Supply Chain', '2020-01-13'),
('Logistics', '2020-01-14'),
('Purchasing', '2020-01-15'),
('Manufacturing', '2020-01-16'),
('Quality Assurance', '2020-01-17'),
('Training', '2020-01-18'),
('Safety', '2020-01-19'),
('Environmental', '2020-01-20');

-- insert to  humanresource.employee_department_history
INSERT INTO humanresource.employee_department_history (edhi_emp_id, edhi_start_date, edhi_end_date, edhi_modified_date, edhi_dept_id, edhi_shift_id)
VALUES 
(1, '2022-01-02 00:00:00', '2022-11-27 23:59:59', '2022-05-02 00:00:00', 1, 1),
(2, '2022-01-02 00:00:00', '2022-11-27 23:59:59', '2022-06-02 00:00:00', 2, 2),
(3, '2022-01-02 00:00:00', '2022-11-27 23:59:59', '2022-07-02 00:00:00', 4, 3),
(4, '2022-01-02 00:00:00', '2022-11-27 23:59:59', '2022-04-02 00:00:00', 5, 1),
(5, '2022-01-02 00:00:00', '2022-11-27 23:59:59', '2022-05-02 00:00:00', 6, 2),
(6, '2022-01-02 00:00:00', '2022-10-07 23:59:59', '2022-04-02 00:00:00', 2, 3),
(7, '2022-01-02 00:00:00', '2022-10-07 23:59:59', '2022-06-02 00:00:00', 4, 1),
(8, '2022-01-02 00:00:00', '2022-10-07 23:59:59', '2022-07-02 00:00:00', 5, 2),
(9, '2022-01-02 00:00:00', '2022-10-07 23:59:59', '2022-04-02 00:00:00', 2, 3),
(10, '2022-01-02 00:00:00', '2022-06-05 23:59:59', '2022-06-02 00:00:00', 3, 1),
(11, '2022-01-02 00:00:00', '2022-06-05 23:59:59', '2022-04-02 00:00:00', 4, 2),
(12, '2022-01-02 00:00:00', '2022-07-05 23:59:59', '2022-03-02 00:00:00', 5, 3),
(13, '2022-01-02 00:00:00', '2022-07-05 23:59:59', '2022-02-02 00:00:00', 6, 4),
(14, '2022-01-02 00:00:00', '2022-07-05 23:59:59', '2022-08-02 00:00:00', 7, 5),
(15, '2022-01-02 00:00:00', '2022-09-02 23:59:59', '2022-09-02 00:00:00', 8, 6),
(16, '2022-01-02 00:00:00', '2022-09-02 23:59:59', '2022-04-02 00:00:00', 9, 4),
(17, '2022-01-02 00:00:00', '2022-09-02 23:59:59', '2022-08-02 00:00:00', 2, 3),
(18, '2022-01-02 00:00:00', '2022-08-07 23:59:59', '2022-07-02 00:00:00', 5, 1),
(19, '2022-01-02 00:00:00', '2022-08-07 23:59:59', '2022-06-02 00:00:00', 2, 5),
(20, '2022-01-02 00:00:00', '2022-08-07 23:59:59', '2022-07-02 00:00:00', 6, 6);

-- insert to humanresource.employee_pay_history
INSERT INTO humanresource.employee_pay_history (ephi_emp_id, ephi_rate_change_date, ephi_rate_salary,
ephi_pay_frequence, ephi_modified_date)
VALUES
(1, '2021-01-01', 50000, 12, '2021-01-01 12:00:00'),
(2, '2021-01-02', 55000, 12, '2021-01-02 12:00:00'),
(3, '2021-01-03', 60000, 12, '2021-01-03 12:00:00'),
(4, '2021-01-04', 65000, 12, '2021-01-04 12:00:00'),
(5, '2021-01-05', 70000, 12, '2021-01-05 12:00:00'),
(6, '2021-01-06', 75000, 12, '2021-01-06 12:00:00'),
(7, '2021-01-07', 80000, 12, '2021-01-07 12:00:00'),
(8, '2021-01-08', 85000, 12, '2021-01-08 12:00:00'),
(9, '2021-01-09', 90000, 12, '2021-01-09 12:00:00'),
(10, '2021-01-10', 95000, 12, '2021-01-10 12:00:00'),
(11, '2021-01-11', 100000, 12, '2021-01-11 12:00:00'),
(12, '2021-01-12', 105000, 12, '2021-01-12 12:00:00'),
(13, '2021-01-13', 110000, 12, '2021-01-13 12:00:00'),
(14, '2021-01-14', 115000, 12, '2021-01-14 12:00:00'),
(15, '2021-01-15', 120000, 12, '2021-01-15 12:00:00'),
(16, '2021-01-16', 125000, 12, '2021-01-16 12:00:00'),
(17, '2021-01-17', 130000, 12, '2021-01-17 12:00:00'),
(18, '2021-01-18', 135000, 12, '2021-01-18 12:00:00'),
(19, '2021-01-19', 140000, 12, '2021-01-19 12:00:00'),
(20, '2021-01-20', 145000, 12, '2021-01-20 12:00:00');

-- INSERT TO humanresource.work_orders
INSERT INTO humanresource.work_orders (woro_start_date, woro_status, woro_user_id)
VALUES ('2021-01-01 12:00:00', 'CLOSED', 1),
('2021-01-02 12:00:00', 'OPEN', 2),
('2021-01-03 12:00:00', 'CLOSED', 3),
('2021-01-04 12:00:00', 'OPEN', 4),
('2021-01-05 12:00:00', 'CLOSED', 5),
('2021-01-06 12:00:00', 'OPEN', 6),
('2021-01-07 12:00:00', 'CANCELLED', 7),
('2021-01-08 12:00:00', 'OPEN', 8),
('2021-01-09 12:00:00', 'CANCELLED', 9),
('2021-01-10 12:00:00', 'OPEN', 10),
('2021-01-11 12:00:00', 'CANCELLED', 11),
('2021-01-12 12:00:00', 'CANCELLED', 12),
('2021-01-13 12:00:00', 'CLOSED', 13),
('2021-01-14 12:00:00', 'CANCELLED', 14),
('2021-01-15 12:00:00', 'CLOSED', 15),
('2021-01-16 12:00:00', 'CANCELLED', 16),
('2021-01-17 12:00:00', 'CLOSED', 17),
('2021-01-18 12:00:00', 'OPEN', 18),
('2021-01-19 12:00:00', 'CLOSED', 19),
('2021-01-20 12:00:00', 'OPEN', 20);

